Workbook

Sheet Test Cases
A1: Test Case ID | B1: Test Level | C1: Related Requirement | D1: User Story (Sprint) | E1: Scenario Type | F1: Test Objective | G1: Preconditions | H1: Test Input | I1: Test Steps | J1: Expected Output | K1: Actual Output | L1: Status | M1: Tester | N1: Date Tested
A2: TC-U-01 | B2: Unit | C2: FR-01 | D2: US-09 (Sprint 1) | E2: Positive | F2: Verify Secure Login authenticates a registered user with valid credentials | G2: A registered Student account exists and is active | H2: Username: student01; Password: correct password | I2: 1) Enter valid username and password on the login screen. 2) Click Login. | J2: User is authenticated and redirected to the Student dashboard | K2: User authenticated; Student dashboard loaded in 1.0 second | L2: Pass | M2: Niraj Gautam | N2: 2026-08-22
A3: TC-U-02 | B3: Unit | C3: FR-01 | D3: US-09 (Sprint 1) | E3: Negative | F3: Verify Secure Login rejects an incorrect password | G3: A registered Student account exists | H3: Username: student01; Password: wrong password | I3: 1) Enter valid username with an incorrect password. 2) Click Login. | J3: Login is rejected; message 'Invalid username or password' is shown; no session is created | K3: Login rejected; correct message shown; no session created | L3: Pass | M3: Niraj Gautam | N3: 2026-08-22
A4: TC-U-03 | B4: Unit | C4: FR-03 | D4: US-03 (Sprint 1) | E4: Positive | F4: Verify View Room Details displays correct availability for a valid room number | G4: Room B-204 exists in the system with 1 of 2 beds occupied | H4: Room number: B-204 | I4: 1) Enter/select room number B-204. 2) Click View Details. | J4: Room details are displayed, showing capacity 2, occupied 1, available 1 | K4: Details displayed correctly: capacity 2, occupied 1, available 1 | L4: Pass | M4: Niraj Gautam | N4: 2026-08-24
A5: TC-U-04 | B5: Unit | C5: FR-03 | D5: US-03 (Sprint 1) | E5: Negative | F5: Verify View Room Details handles a non-existent room number gracefully | G5: No room numbered Z-999 exists | H5: Room number: Z-999 | I5: 1) Enter room number Z-999. 2) Click View Details. | J5: System shows 'Room not found' with no application error | K5: Message shown as expected; no crash | L5: Pass | M5: Niraj Gautam | N5: 2026-08-24
A6: TC-U-05 | B6: Unit | C6: FR-05 | D6: US-07 (Sprint 2) | E6: Positive | F6: Verify Pay Fees calculates the correct total for selected fee items | G6: Fee schedule loaded: Hostel fee $300; Mess fee $120 | H6: Line items: Hostel fee $300, Mess fee $120 | I6: 1) Select both fee items. 2) Trigger total calculation. | J6: Total displayed = $420.00 | K6: Total displayed = $420.00 | L6: Pass | M6: Niraj Gautam | N6: 2026-09-09
A7: TC-U-06 | B7: Unit | C7: FR-05 | D7: US-07 (Sprint 2) | E7: Negative | F7: Verify Pay Fees rejects a negative payment amount | G7: Pay Fees screen open for an active student account | H7: Payment amount entered: -$50 | I7: 1) Enter -50 as the payment amount. 2) Attempt to submit payment. | J7: Submission is blocked; validation message 'Amount must be positive' is shown | K7: Payment was accepted; a -$50 transaction was recorded in the ledger | L7: Fail | M7: Niraj Gautam | N7: 2026-09-09
A8: TC-U-07 | B8: Unit | C8: FR-08 | D8: US-04 (Sprint 1) | E8: Positive | F8: Verify the Absence Alert function triggers correctly when a student is marked Absent | G8: Warden is marking attendance for room B-204 | H8: Attendance status: Absent, Student: R. Karki | I8: 1) Set attendance status to Absent for the student. 2) Save attendance. | J8: An Absence Alert is generated and queued for the Warden | K8: Absence Alert generated and queued correctly | L8: Pass | M8: Niraj Gautam | N8: 2026-08-26
A9: TC-U-08 | B9: Unit | C9: FR-08 | D9: US-04 (Sprint 1) | E9: Negative | F9: Verify the Absence Alert function does not trigger when a student is marked Present | G9: Warden is marking attendance for room B-204 | H9: Attendance status: Present, Student: R. Karki | I9: 1) Set attendance status to Present for the student. 2) Save attendance. | J9: No Absence Alert is generated | K9: No alert generated, as expected | L9: Pass | M9: Niraj Gautam | N9: 2026-08-26
A10: TC-I-01 | B10: Integration | C10: FR-02, FR-06 | D10: US-01, US-02 (Sprint 1) | E10: Positive | F10: Verify an approved room application becomes available for the Warden to allocate | G10: Student has submitted a room application; Warden module is online | H10: Application status changed to 'Approved' for Student S. Gurung | I10: 1) Approve the room application. 2) Open Allocate Room screen as Warden. | J10: The approved student appears in the Warden's pending-allocation list | K10: Student appeared correctly in the pending-allocation list | L10: Pass | M10: Niraj Gautam | N10: 2026-08-24
A11: TC-I-02 | B11: Integration | C11: FR-07, FR-08 | D11: US-04 (Sprint 1) | E11: Positive | F11: Verify marking a student absent triggers an Absence Alert notification to the Warden | G11: Warden is logged in; notification service is running | H11: Student marked Absent during morning attendance | I11: 1) Warden marks the student Absent. 2) Check Warden's notification panel. | J11: Warden receives an Absence Alert notification within 1 minute | K11: Notification received in 20 seconds | L11: Pass | M11: Niraj Gautam | N11: 2026-08-27
A12: TC-I-03 | B12: Integration | C12: FR-04, FR-09 | D12: US-05, US-06 (Sprint 2) | E12: Positive | F12: Verify a submitted complaint appears in the Warden's Track Complaint Status queue | G12: Student is logged in; Warden module is online | H12: Complaint: 'Leaking tap in room B-204', category: Maintenance | I12: 1) Student submits the complaint. 2) Warden opens Track Complaint Status. | J12: The new complaint appears in the Warden's queue with status 'Open' | K12: Complaint appeared in queue with status 'Open' | L12: Pass | M12: Niraj Gautam | N12: 2026-09-07
... A29: TC-A-07 | B29: UAT | C29: FR-01 | D29: US-09 (Sprint 1) | E29: Negative | F29: Confirm a student attempting to access the Admin 'Generate Reports' screen is correctly denied | G29: Student is logged in with standard student permissions | H29: Student attempts to navigate directly to the Generate Reports screen | I29: 1) Student navigates to the reports menu item (should not be visible/accessible to Students). | J29: Menu item is hidden or access is denied with a clear message | K29: Menu item was hidden; student could not access the screen | L29: Pass | M29: Shiva Bhattarai | N29: 2026-08-29

Sheet Summary
A1: Hostel Management System (HMS) — Testing Summary (aligned to Sprint 1 & 2 schedule)
A3: By Test Level
A4: Test Level | B4: Total | C4: Pass | D4: Fail | E4: Pass Rate
A5: Unit | B5: =COUNTIF('Test Cases'!B2:B29,A5) -> 8 | C5: =COUNTIFS('Test Cases'!B2:B29,A5,'Test Cases'!L2:L29,"Pass") -> 7 | D5: =COUNTIFS('Test Cases'!B2:B29,A5,'Test Cases'!L2:L29,"<>Pass") -> 1 | E5: =IF(B5=0,0,C5/B5) -> 0.875
A6: Integration | B6: =COUNTIF('Test Cases'!B2:B29,A6) -> 6 | C6: =COUNTIFS('Test Cases'!B2:B29,A6,'Test Cases'!L2:L29,"Pass") -> 5 | D6: =COUNTIFS('Test Cases'!B2:B29,A6,'Test Cases'!L2:L29,"<>Pass") -> 1 | E6: =IF(B6=0,0,C6/B6) -> 0.83333333
A7: System | B7: =COUNTIF('Test Cases'!B2:B29,A7) -> 7 | C7: =COUNTIFS('Test Cases'!B2:B29,A7,'Test Cases'!L2:L29,"Pass") -> 6 | D7: =COUNTIFS('Test Cases'!B2:B29,A7,'Test Cases'!L2:L29,"<>Pass") -> 1 | E7: =IF(B7=0,0,C7/B7) -> 0.85714286
A8: UAT | B8: =COUNTIF('Test Cases'!B2:B29,A8) -> 7 | C8: =COUNTIFS('Test Cases'!B2:B29,A8,'Test Cases'!L2:L29,"Pass") -> 6 | D8: =COUNTIFS('Test Cases'!B2:B29,A8,'Test Cases'!L2:L29,"<>Pass") -> 1 | E8: =IF(B8=0,0,C8/B8) -> 0.85714286
A9: Total | B9: =SUM(B5:B8) -> 28 | C9: =SUM(C5:C8) -> 24 | D9: =SUM(D5:D8) -> 4 | E9: =IF(B9=0,0,C9/B9) -> 0.85714286
A11: By Scenario Type
A12: Scenario Type | B12: Total | C12: Pass | D12: Fail | E12: Pass Rate
A13: Positive | B13: =COUNTIF('Test Cases'!E2:E29,A13) -> 20 | C13: =COUNTIFS('Test Cases'!E2:E29,A13,'Test Cases'!L2:L29,"Pass") -> 19 | D13: =COUNTIFS('Test Cases'!E2:E29,A13,'Test Cases'!L2:L29,"<>Pass") -> 1 | E13: =IF(B13=0,0,C13/B13) -> 0.95
A14: Negative | B14: =COUNTIF('Test Cases'!E2:E29,A14) -> 8 | C14: =COUNTIFS('Test Cases'!E2:E29,A14,'Test Cases'!L2:L29,"Pass") -> 5 | D14: =COUNTIFS('Test Cases'!E2:E29,A14,'Test Cases'!L2:L29,"<>Pass") -> 3 | E14: =IF(B14=0,0,C14/B14) -> 0.625
A15: Total | B15: =SUM(B13:B14) -> 28 | C15: =SUM(C13:C14) -> 24 | D15: =SUM(D13:D14) -> 4 | E15: =IF(B15=0,0,C15/B15) -> 0.85714286
A17: Legend: 'Pass' = Actual Output matched Expected Output exactly. 'Fail' / 'Fail (Minor)' = Actual Output diverged from Expected Output (see Test Cases sheet for details).
A19: Requirement key: FR-01 Secure Login (US-09) | FR-02 Apply for Room (US-01) | FR-03 View Room Details (US-03) | FR-04 Submit Complaint (US-05) | FR-05 Pay Fees (US-07) | FR-06 Allocate Room (US-02) | FR-07 Mark Attendance (US-04) | FR-08 Absence Alert, extends Mark Attendance (US-04) | FR-09 Track Complaint Status (US-06) | FR-10 Receive Fee Notifications (US-08) | FR-11 Generate Reports (US-10) | FR-12 Compile Report Data, included by Generate Reports (US-10).
A21: Sprint schedule: Sprint 1 = Aug 17-30, 2026 (US-01, US-02, US-03, US-04, US-09). Sprint 2 = Aug 31-Sept 13, 2026 (US-05, US-06, US-07, US-08, US-10). Every Date Tested value below falls on or after the related card's Due Date.

Sheet Sprint Schedule
A1: Sprint 1: Aug 17 - Aug 30, 2026
A2: Card | B2: Start Date | C2: Due Date
A3: US-01: Apply for Hostel Room | B3: Aug 17 | C3: Aug 21
A4: US-02: Allocate Rooms to Students | B4: Aug 18 | C4: Aug 23
A5: US-03: View Room and Roommate Details | B5: Aug 19 | C5: Aug 24
A6: US-04: Mark Daily Hostel Attendance | B6: Aug 20 | C6: Aug 26
A7: US-09: Secure Role-Based Login | B7: Aug 17 | C7: Aug 22
A9: Sprint 2: Aug 31 - Sept 13, 2026
A10: Card | B10: Start Date | C10: Due Date
A11: US-05: Submit Maintenance Complaints | B11: Aug 31 | C11: Sept 4
A12: US-06: Track and Update Complaint Status | B12: Sept 1 | C12: Sept 6
A13: US-07: Pay Hostel Fees Online | B13: Aug 31 | C13: Sept 9
A14: US-08: Parent Notifications on Attendance/Fees | B14: Sept 3 | C14: Sept 8
A15: US-10: Generate Occupancy and Revenue Reports | B15: Sept 4 | C15: Sept 12
